{
  "0.0": {
    "energy": 46.22222222222222,
    "runtime": 4.622222222222222
  },
  "0.1": {
    "energy": 46.22222222222222,
    "runtime": 4.622222222222222
  },
  "0.2": {
    "energy": 46.22222222222222,
    "runtime": 4.622222222222222
  },
  "0.30000000000000004": {
    "energy": 46.22222222222222,
    "runtime": 4.622222222222222
  },
  "0.4": {
    "energy": 46.22222222222222,
    "runtime": 4.622222222222222
  },
  "0.5": {
    "energy": 46.22222222222222,
    "runtime": 4.622222222222222
  },
  "0.6000000000000001": {
    "energy": 46.22222222222222,
    "runtime": 4.622222222222222
  },
  "0.7000000000000001": {
    "energy": 46.22222222222222,
    "runtime": 4.622222222222222
  },
  "0.8": {
    "energy": 46.22222222222222,
    "runtime": 4.622222222222222
  },
  "0.9": {
    "energy": 46.22222222222222,
    "runtime": 4.622222222222222
  },
  "1.0": {
    "energy": 46.22222222222222,
    "runtime": 4.622222222222222
  }
}