{
  "0.0": {
    "energy": 0.02598860192298903,
    "runtime": 0.6043860912322998
  },
  "0.5": {
    "energy": 0.0004055283069610596,
    "runtime": 0.40552830696105957
  },
  "1.0": {
    "energy": 0.0004035491943359375,
    "runtime": 0.4035491943359375
  }
}