{
  "0.0": {
    "energy": 0.015254440307617198,
    "runtime": 15.254440307617188
  },
  "0.5": {
    "energy": 0.014649192810058604,
    "runtime": 14.649192810058594
  },
  "1.0": {
    "energy": 0.014854236602783214,
    "runtime": 14.854236602783203
  }
}